{"cameraMode":{"drawMode":0,"name":"Shaded","section":"Shading Mode"},"sceneLighting":false,"audioPlay":false,"sceneViewState":{"showFog":true,"showMaterialUpdate":true,"showSkybox":true,"showFlares":true,"showImageEffects":true,"showParticleSystems":true},"in2DMode":false,"pivot":{"x":2.690000057220459,"y":0.7143781781196594,"z":-5.960464477539063e-8},"rotation":{"x":-0.37677624821662905,"y":-0.06467197090387345,"z":0.02638029307126999,"w":-0.923667311668396},"size":2.722217559814453,"orthographic":false}