{"cameraMode":{"drawMode":0,"name":"Shaded","section":"Shading Mode"},"sceneLighting":false,"audioPlay":false,"sceneViewState":{"showFog":true,"showMaterialUpdate":true,"showSkybox":true,"showFlares":true,"showImageEffects":true,"showParticleSystems":true},"in2DMode":false,"pivot":{"x":3.630000114440918,"y":1.4135665893554688,"z":-0.7799999713897705},"rotation":{"x":-0.29669779539108279,"y":-0.0581132210791111,"z":0.01809161901473999,"w":-0.9530299305915833},"size":1.9272156953811646,"orthographic":false}