{"cameraMode":{"drawMode":0,"name":"Shaded","section":"Shading Mode"},"sceneLighting":false,"audioPlay":false,"sceneViewState":{"showFog":true,"showMaterialUpdate":true,"showSkybox":true,"showFlares":true,"showImageEffects":true,"showParticleSystems":true},"in2DMode":false,"pivot":{"x":0.0,"y":0.41356658935546877,"z":-1.0499999523162842},"rotation":{"x":-0.3115174472332001,"y":0.010544737800955773,"z":-0.0034572575241327287,"w":-0.9501757025718689},"size":1.9272156953811646,"orthographic":false}