{"cameraMode":{"drawMode":0,"name":"Shaded","section":"Shading Mode"},"sceneLighting":false,"audioPlay":false,"sceneViewState":{"showFog":true,"showMaterialUpdate":true,"showSkybox":true,"showFlares":true,"showImageEffects":true,"showParticleSystems":true},"in2DMode":false,"pivot":{"x":0.0,"y":0.41356658935546877,"z":-1.0499999523162842},"rotation":{"x":-0.37677624821662905,"y":-0.06467197090387345,"z":0.02638029307126999,"w":-0.923667311668396},"size":1.9272156953811646,"orthographic":false}