{"cameraMode":{"drawMode":0,"name":"Shaded","section":"Shading Mode"},"sceneLighting":true,"audioPlay":false,"sceneViewState":{"showFog":true,"showMaterialUpdate":true,"showSkybox":true,"showFlares":true,"showImageEffects":true,"showParticleSystems":true},"in2DMode":false,"pivot":{"x":297.82501220703127,"y":244.26873779296876,"z":0.0},"rotation":{"x":-0.26654547452926638,"y":0.013012174516916275,"z":-0.0035970143508166076,"w":-0.9637278318405151},"size":315.7748718261719,"orthographic":false}