{"cameraMode":{"drawMode":0,"name":"Shaded","section":"Shading Mode"},"sceneLighting":false,"audioPlay":false,"sceneViewState":{"showFog":true,"showMaterialUpdate":true,"showSkybox":true,"showFlares":true,"showImageEffects":true,"showParticleSystems":true},"in2DMode":false,"pivot":{"x":0.5499999523162842,"y":0.0,"z":0.46000003814697268},"rotation":{"x":-0.3408591151237488,"y":0.0028216210193932058,"z":-0.0010210535256192089,"w":-0.9401096105575562},"size":2.3334522247314455,"orthographic":false}