{"cameraMode":{"drawMode":0,"name":"Shaded","section":"Shading Mode"},"sceneLighting":false,"audioPlay":false,"sceneViewState":{"showFog":true,"showMaterialUpdate":true,"showSkybox":true,"showFlares":true,"showImageEffects":true,"showParticleSystems":true},"in2DMode":false,"pivot":{"x":1.3700000047683716,"y":0.5983514189720154,"z":-5.960464477539063e-8},"rotation":{"x":-0.37677624821662905,"y":-0.06467197090387345,"z":0.02638029307126999,"w":-0.923667311668396},"size":2.4005331993103029,"orthographic":false}