{"cameraMode":{"drawMode":0,"name":"Shaded","section":"Shading Mode"},"sceneLighting":false,"audioPlay":false,"sceneViewState":{"showFog":true,"showMaterialUpdate":true,"showSkybox":true,"showFlares":true,"showImageEffects":true,"showParticleSystems":true},"in2DMode":false,"pivot":{"x":1.0,"y":1.6352360248565674,"z":-2.7100000381469728},"rotation":{"x":-0.29669779539108279,"y":-0.0581132210791111,"z":0.01809161901473999,"w":-0.9530299305915833},"size":2.5068068504333498,"orthographic":false}