{"cameraMode":{"drawMode":0,"name":"Shaded","section":"Shading Mode"},"sceneLighting":false,"audioPlay":false,"sceneViewState":{"showFog":true,"showMaterialUpdate":true,"showSkybox":true,"showFlares":true,"showImageEffects":true,"showParticleSystems":true},"in2DMode":false,"pivot":{"x":1.059999942779541,"y":0.5637515187263489,"z":-2.2100000381469728},"rotation":{"x":-0.37677624821662905,"y":-0.06467197090387345,"z":0.02638029307126999,"w":-0.923667311668396},"size":2.303957462310791,"orthographic":false}